Fund Name,P1,P2,P3,P4,P5,Topsis Score,Rank
M1,0.3295824500797231,0.3006684628003922,0.33137848921703494,0.5474798014878829,0.2801460071257046,0.34318246998685603,8
M2,0.4028229945418838,0.4452206083775038,0.285895167167638,0.5512126183162094,0.2801460071257046,0.4923019134015429,5
M3,0.30211724590641287,0.2544117762157165,0.23391422768261294,0.6258689548827389,0.30595771230964564,0.4347069136708315,6
M4,0.3387375181374932,0.3180147202696456,0.428842750751457,0.837395241821239,0.41832763573973364,0.5147392586875668,4
M5,0.425710664686309,0.497259380785264,0.4418379856227133,0.8249525190601508,0.4165475181408411,0.6137862467783597,1
M6,0.35247012022414836,0.34114306356198343,0.45483322049396957,0.8697463210000685,0.43546126762907383,0.5334303165059012,3
M7,0.315849847993068,0.2775401195080543,0.30538801947452243,0.503930271824074,0.2578945371395486,0.34356570898078487,7
M8,0.34331505216637825,0.3237968060927301,0.27289993229638176,0.7826472616724508,0.3805001367632684,0.5840653135212216,2
